{"cameraMode":{"drawMode":0,"name":"Shaded","section":"Shading Mode"},"sceneLighting":true,"audioPlay":false,"sceneViewState":{"m_AlwaysRefresh":false,"showFog":true,"showSkybox":true,"showFlares":true,"showImageEffects":true,"showParticleSystems":true,"showVisualEffectGraphs":true,"m_FxEnabled":true},"in2DMode":false,"pivot":{"x":284.94708251953127,"y":320.5190734863281,"z":-60.107177734375},"rotation":{"x":-0.008982878178358078,"y":-0.061458732932806018,"z":-0.0005531416391022503,"w":0.9980692863464356},"size":1582.2415771484375,"orthographic":false}